2494276,IsabellaPumpkin
2398805,jacymashby
898427,makdawg6092
3902233,ashleyalley
2805040,Knm3610
1889666,stitcherlin
3688043,marylaub
4019701,mara_grim
2586906,jalenesutton
3371803,cclad69
3739233,someinspiration
920422,basketballc1442
1749301,betulsuvaroglu
1244373,lucylintott
1231922,mckoy0860
2901830,carlymart78
1466139,merveozgur1
429280,jasminesaidx3
668689,debbie1992
1402542,icote1601
693781,magdastrydom
2653019,julio7153
2107925,karifeightner
3081306,deyland18
1893613,lanierannalisa
2223247,pattypatsy
2097422,happygirl77
2266039,felifrni
1852446,jeff8934
1705631,ctone2818
1650313,ldinspiration
1447488,eobrien1
3216384,vakines
2797836,pichellies37
3414806,cailey_sherrill
4015747,irenehhair
1701410,kathleenmarket
2956396,marthacecheverry54
210104,seulki4391
2018241,tdaffron0153
2678415,patricicollins
1945241,vdelagarza2009
2834132,day_dreamer5
1235450,laurenvalleyhop
2755041,damonchen98
3963030,kikisdancermom
2599898,lass44
561494,thanhtam081182
2563079,glouie6
3875440,damien80dh88
1118936,megankhanmegan
686195,heidifear
25736,chrissyrvarney
2954523,fialalvi7
29215,cjdunc
2385884,lucidech
3708441,makeupninja
1715306,kimberlydly0165
4009450,kimatester
3101243,colldoll830
2588223,GelatoAddictSOS
3868517,gracebouchard96
14563,mel_4321
3921679,babyblue4241010
2650610,jkgephart
1248635,isb913
3071318,joanselkregg
3925888,ernagsv
2114291,Sarahmarie807
1124545,vcreations04
319303,amandae111
2738959,remeixner0522
1225563,kvtransport
697901,acp1106
2028306,kiomarys1
471500,langleylyd123
4039716,hamilton5623
330905,karlaburns
902964,lesliebraegger
3726731,rjhoffman1958
61059,naxelicrz
402635,ipijnenburg
2552219,lehmannhk
1679380,izzyzmimi1
2884363,cheyennedancy
1505477,honey82
3722232,terlarae
2250539,esmeraldavanrun
3475082,angelicamh28
340345,rachaelynne24
172370,samanthamitch
1970100,marykatedoyle
2829509,saracheramie4
1582479,kjackson75
3209789,sarahbeyerlein
997016,shanmansell
1833804,scinata
2002445,bitofbluesky
3210026,carmenmunger
3997420,mellybee123
2859929,laureng724
1300260,lacey_duarte
1850069,alicia_urista