,UserID
2585641,saskiastarke
1631906,knd118
632648,gaysmith66
1519441,dianewilson1044
1972354,hpfledderer
2756299,silverspider68
704420,raileon
3463959,amy_blackman
3235494,12jacklynjayde
1460441,lgaddy92
2886010,jzetin1
414939,kaymaxx19
317523,amyfik
1485177,sadikim
1609707,merethesundt
1994119,grits1960
1900888,jstarley
2355067,karrrsawaa
3591467,amorrisonrn7271
3709089,drjessiekunkel
2893339,marinastipicz
3801610,margocastermans
693981,hisherwood1191
3028745,deb3561
842942,lakoller
905348,dombroski22
3862150,melissataylor73
340037,mcookmeyer
1057576,rwaxler
952919,patycouture
3181690,caitlinemeek
2002657,March000
1809379,berry1880239
2701810,wgraziani
3562503,taradeekman
3540877,loulnc
3020278,dstoryy
250979,mscherer1
2859730,Jaggerlady59
1326871,nheath1984
3889156,garrardhs
448548,kponcsak
3989846,hjkedu
390567,janshirley1
38411,marthacaesar
3219112,joycevanover64
3943834,melaniebphoto
1248558,kristinabrody
2258151,verdino
3891832,alicematov
390585,val20983
227421,brendabrhhhhhhh
677246,kottwalter
1336576,yuka18
3736503,wongu
3831526,suekriegel
2527486,Kristigrodensky
2514894,erikalna
34065,esmarie8206
4008772,mariahdavis3
1481873,rgchaney
1430854,twajjs
448024,emccoy05
1965849,shelbymillersta
2760238,la_nikeg
3890871,kitty0412
2037502,gaggie
1785068,eringaddis
2766804,lcvac5
3769398,brittjacobsen2
4034119,ss4270
879315,ashleyprice08
325834,jdcampbell77
1721786,sebessenger
2046969,r_alshomrani
479805,missmt
556151,amccarn
3736125,giselleden
519535,CJFOXFAN
1945033,angelcall
3372571,annlu
167206,vergersk
2099873,mesmith3
2231483,geggipetra
167626,aarcher22
215930,imhoney1968
473430,kayclay
1621822,tagon00
1959709,brittanibaisden
1135455,marinanagornaya
1851255,tonya5278
3151571,kelly968
2900193,ikendesign
2071528,juanovalles1419
1504272,justineak
2866149,jessielaitken
354203,madison_robison
2042790,carmelilla62
2452635,Waltons14
2256747,Lossclinic
